dika01,123,dika aprilio,user
abissd1,123,abid sudrajat,user
kayla29,123,kayla putri,user
apipgaming,123,apip ramdani,user
joni34,123,joni firmansyah,user
reza_gm,123,reza gumilang,user
tiara22,123,tiara anggraini,user
bayu08,123,bayu nugraha,user
dikateller,123,dika aprilio,teller
silva77,123,silva maulida,user
andikz1,123,andika zulkarnain,user
yuliax3,123,yulia septiani,user
farrel99,123,farrel mahesa,user
wulan13,123,wulan sari,user
devinxy,123,devin aryanto,user
giffa,giffa123,syaikhani giffa i,user
giptel,giptel,giptell,teller
giffa,admin1,giffaadmin,admin
ekishin,123,Eki Shinta,teller
